{"cameraMode":{"drawMode":0,"name":"Shaded","section":"Shading Mode"},"sceneLighting":true,"audioPlay":false,"sceneViewState":{"m_AlwaysRefresh":false,"showFog":true,"showSkybox":true,"showFlares":true,"showImageEffects":true,"showParticleSystems":true,"showVisualEffectGraphs":true,"m_FxEnabled":true},"in2DMode":false,"pivot":{"x":17.647762298583986,"y":-5.65093994140625,"z":12.012928009033204},"rotation":{"x":0.24626781046390534,"y":-0.12029814720153809,"z":0.030820908024907113,"w":0.9612155556678772},"size":19.408977508544923,"orthographic":false}